{
    "frames_tracked": 1099,
    "frames_total_possible": 1101,
    "tracking_success_percent": 99.82,
    "ape_rmse_se3_metric": 704.877282,
    "ape_rmse_sim3_aligned": 698.2904,
    "rpe_rmse_metric": 18.118601,
    "rpe_trans_rmse_delta1f": 18.118601,
    "rpe_rot_rmse_delta1f": 1.833338,
    "rpe_trans_rmse_delta10f": 58.95129,
    "rpe_rot_rmse_delta10f": 6.826454,
    "rpe_trans_rmse_delta100m": 273.528265,
    "rpe_rot_rmse_delta100m": 24.193416,
    "rmse_x": 1038.681032250727,
    "rmse_y": 77.2922288707931,
    "rmse_z": 712.6420064167879,
    "rmse_3d": 1262.0186229652065,
    "drift_rate_m_per_m": 0.369845,
    "path_length_m": 1905.871,
    "tracking_loss_events": 2,
    "total_tracking_loss_s": 6.219,
    "longest_loss_event_s": 3.111,
    "relocalization_success_rate": 1.0,
    "mean_tracking_ms": 43.69361,
    "mean_mapping_ms": 107.27732,
    "keyframes_in_map": 569,
    "points_in_map": 64465,
    "mean_fps": 22.89
}