{
    "frames_tracked": 1101,
    "frames_total_possible": 1101,
    "tracking_success_percent": 100.0,
    "ape_rmse_se3_metric": 14.641685,
    "ape_rmse_sim3_aligned": 9.040265,
    "rpe_rmse_metric": 0.058989,
    "rpe_trans_rmse_delta1f": 0.058989,
    "rpe_rot_rmse_delta1f": 0.04036,
    "rpe_trans_rmse_delta10f": 0.505831,
    "rpe_rot_rmse_delta10f": 0.132059,
    "rpe_trans_rmse_delta100m": 1.984007,
    "rpe_rot_rmse_delta100m": 0.433943,
    "rmse_x": 30.427925976861886,
    "rmse_y": 6.329794809870285,
    "rmse_z": 12.216889800560773,
    "rmse_3d": 33.39427163433113,
    "drift_rate_m_per_m": 0.006024,
    "path_length_m": 2430.679,
    "tracking_loss_events": 0,
    "total_tracking_loss_s": 0.0,
    "longest_loss_event_s": 0,
    "relocalization_success_rate": 0.0,
    "mean_tracking_ms": 29.62971,
    "mean_mapping_ms": 117.12851,
    "keyframes_in_map": 1033,
    "points_in_map": 51057,
    "mean_fps": 33.75
}