{
    "frames_tracked": 4541,
    "frames_total_possible": 4541,
    "tracking_success_percent": 100.0,
    "ape_rmse_se3_metric": 38.23042,
    "ape_rmse_sim3_aligned": 2.975741,
    "rpe_rmse_metric": 0.224522,
    "rpe_trans_rmse_delta1f": 0.224522,
    "rpe_rot_rmse_delta1f": 0.154886,
    "rpe_trans_rmse_delta10f": 1.735259,
    "rpe_rot_rmse_delta10f": 0.656505,
    "rpe_trans_rmse_delta100m": 21.924585,
    "rpe_rot_rmse_delta100m": 1.450441,
    "rmse_x": 27.708986572813295,
    "rmse_y": 4.849576136118016,
    "rmse_z": 57.33462018350948,
    "rmse_3d": 63.86364378251248,
    "drift_rate_m_per_m": 0.01276,
    "path_length_m": 2996.052,
    "tracking_loss_events": 0,
    "total_tracking_loss_s": 0.0,
    "longest_loss_event_s": 0,
    "relocalization_success_rate": 0.0,
    "mean_tracking_ms": 49.74574,
    "mean_mapping_ms": 147.35149,
    "keyframes_in_map": 1468,
    "points_in_map": 247405,
    "mean_fps": 20.1
}